uuid,id_type
XGe528Co8XMAAvZcO5AAAAAA,cookie
Xkz1Q8Co5sMAAH4CtyQAAAAA,cookie
XJcyoMCo5g8AAE0rY9cAAAAA,cookie
W-JU3MCo4U4AAEaBNiYAAAAA,cookie
XR8yKcCo5l4AACRJ3NoAAAAA,cookie
XdU7hcCo5hQAACc5OMoAAAAA,cookie
XWoKw8Co5mEAAXZ-y8EAAAAA,cookie
WxYo8sCo5mQAAV3KPjQAAAAA,cookie
WuVqq8Co4VMAAG-o.5IAAAAA,cookie
XPJ3msCo8YgAAEIIqDcAAAAA,cookie
W7hrX8Co5mIAAL2LFrgAAAAA,cookie
Xgr3w8Co5lUAABoj1AgAAAAA,cookie
XhCewcCo5hQAAE0DdwUAAAAA,cookie
Xie7SMCo5mUAAAnRCLgAAAAA,cookie
XQ8ve8Co8WsAAeltH2gAAAAA,cookie
XXSEXcCo8XMAASU5u7gAAAAA,cookie
XiAa1cCo8YsAADpeZkwAAAAA,cookie
XYisz8Co5hEAAA4xOqcAAAAA,cookie
WxVnKsCo5mQAAXMPowcAAAAA,cookie
WgkqHcCo5lgAAHACjm8AAAAA,cookie
W1bHDMCo5nMAAHCfy3YAAAAA,cookie
XnaT5sCo5mEAAcVnpCIAAAAA,cookie
Wjy6ucCo5kcAACyXTJYAAAAA,cookie
XRHrM8Co5ksAAEU1oSoAAAAA,cookie
XJMv3MCo5nEAADSayYYAAAAA,cookie
XKW.X8Co8WsAAmkr.FoAAAAA,cookie
WzDyDMCo5m4AADbkDM0AAAAA,cookie
XS1.78Co5hEAAHFXS4UAAAAA,cookie
VgPA88Co4Z8AABjzzzAAAAAA,cookie
WtmSIsCo5mQAAB1CajUAAAAA,cookie
WX5aVMCo5mIAABdVZ04AAAAA,cookie
WaeEwMCo5lYAAFGWn44AAAAA,cookie
XKCP9MCo8YEAAGhoY.AAAAAA,cookie
XQ7kN8Co8YwAAEsVCIYAAAAA,cookie
XanGjcCo8WkAASy8z8oAAAAA,cookie
WyPms8Co5mIAAVnEkhQAAAAA,cookie
Wp8QcsCo5qAAAsjrusUAAAAA,cookie
W4EkyMCo5mMAAlI-FaAAAAAA,cookie
XSgPksCo5kcAACkXNQEAAAAA,cookie
Xe8g5sCo8HcAAHIvRhkAAAAA,cookie
WY5NycCo5kkAAFhMhhcAAAAA,cookie
Wj-CE8Co5mIAAHA-Ye4AAAAA,cookie
WS1DNsCo5l8AAsxjfxIAAAAA,cookie
XRqRr8Co8WwAAJi0MmoAAAAA,cookie
V2ao8cCo5kcAAByZax8AAAAA,cookie
XFeXFsCo8XMAAiCXJKcAAAAA,cookie
XWYgHcCo5lAAAAcR6UwAAAAA,cookie
XUK728Co8WoAAv2aNowAAAAA,cookie
XXwawsCo5g8AAEjsLQAAAAAA,cookie
Wglo-8Co5mQAAngwlKUAAAAA,cookie
WUSu.cCo4U8AAGt7ym0AAAAA,cookie
WZbEbsCo5k4AADR7YKkAAAAA,cookie
XX8RJcCo8W0AAB78LbAAAAAA,cookie
Xcd67sCo5k0AAGlxla0AAAAA,cookie
XOO7BsCo8YMAACkhFg0AAAAA,cookie
Wu7YpMCo5mMAAs-cmt4AAAAA,cookie
W4N2A8Co5mIAAghW1n4AAAAA,cookie
XO1SKMCo5l8AAlF9aAwAAAAA,cookie
Wi4GHcCo5loAAAj5FqoAAAAA,cookie
XDX8lsCo5loAACN-0MAAAAAA,cookie
XaEGVMCo5mwAACTxbXcAAAAA,cookie
XgUetsCo5sIAAGPhrosAAAAA,cookie
WTTuF8Co5lkAAHxileIAAAAA,cookie
XlIUO8Co5sAAAPEj9EcAAAAA,cookie
V7PiKsCo5lEAADbNM1oAAAAA,cookie
WrNeMsCo4UcAADMrQoEAAAAA,cookie
XcoFf8Co5mAAAkW0koIAAAAA,cookie
XC8K0sCo4W8AAHEuEZMAAAAA,cookie
Wi.DscCo5l8AAKS3cIgAAAAA,cookie
XV6zFcCo8YsAADHv1VoAAAAA,cookie
W6O2-8Co5nIAAH9dFCMAAAAA,cookie
XMpS7sCo5mwAAC94ZeYAAAAA,cookie
Wz8n5cCo5l4AAEY6BxUAAAAA,cookie
XDwQ9sCo8WwAAaxsoQEAAAAA,cookie
W4otiMCo5pwAAO7bsPEAAAAA,cookie
XRr3d8Co8W8AADVCuVwAAAAA,cookie
XHeR7MCo8XMAAaHyf18AAAAA,cookie
XXteRsCo5loAABDrVnIAAAAA,cookie
W5YV4sCo5mIAAjzSHjIAAAAA,cookie
XiQS0cCo5mAAAWtBbkEAAAAA,cookie
W14lxsCo5nEAAHaPHJMAAAAA,cookie
XTL3r8Co5lQAAAXcsNIAAAAA,cookie
XErPQsCo5lEAAFE-CgEAAAAA,cookie
XihYtMCo8ZIAAFJJZW0AAAAA,cookie
XQSFM8Co8WYAAmXtlZAAAAAA,cookie
Xjk6gsCo8XgAAHoNQgYAAAAA,cookie
XgGwpsCo5mEAAgsnSaIAAAAA,cookie
XS7cA8Co8XsAAHHb0K0AAAAA,cookie
WnXoicCo5mEAADY8IvcAAAAA,cookie
Wy.AkcCo4VQAAHnjl0QAAAAA,cookie
W.e-l8Co5m0AAAySwssAAAAA,cookie
W18Em8Co4XcAADWMUYwAAAAA,cookie
W0cXa8Co4W4AADD2pn8AAAAA,cookie
WkB2bcCo5lgAAFMtU0wAAAAA,cookie
XX8s78Co8WoAAvqKvHoAAAAA,cookie
XDI7c8Co4XIAADqiZdcAAAAA,cookie
WwFii8Co4VkAAH5l.MoAAAAA,cookie
WwI-.sCo5kgAABzvHJEAAAAA,cookie
WvAN4MCo5lsAAFr6B1oAAAAA,cookie
XKQa7MCo8WsAAVQslNIAAAAA,cookie
XO.tY8Co5ksAAAyiSbkAAAAA,cookie
XSPoccCo5l8AAQVOjtMAAAAA,cookie
Ww6btsCo5lQAAG.-h44AAAAA,cookie
XL1dH8Co8W8AAHstzWQAAAAA,cookie
XRMhs8Co5hAAABhtJwgAAAAA,cookie
WFOhTcCo5oQAAAgZa0kAAAAA,cookie
XUupr8Co5mEAAQnXvkgAAAAA,cookie
WsobE8Co5lEAAE7vJjMAAAAA,cookie
XO-gvcCo8WcAADr5PJ8AAAAA,cookie
W3EF-8Co5mMAAr8abmkAAAAA,cookie
XjyPMcCo5nIAAGNZV3gAAAAA,cookie
Wbn6tcCo5lkAAEE9exwAAAAA,cookie
XEEpAsCo5msAAAuBAAgAAAAA,cookie
WgVu-MCo5okAAB6UpBYAAAAA,cookie
XEChN8Co5l0AAFdPZUEAAAAA,cookie
Wzs1I8Co4cYAABAt6C8AAAAA,cookie
XK1owMCo8WsAAZULGGUAAAAA,cookie
XLcLfcCo8WwAADm11TcAAAAA,cookie
XBDHrMCo5lQAAGWTRJgAAAAA,cookie
WlXVusCo4VUAAHWW8uYAAAAA,cookie
W-qhuMCo5ksAAHZQa1UAAAAA,cookie
XWnw-8Co5kwAAEPkaQwAAAAA,cookie
XGFk28Co8WcAAc48n9AAAAAA,cookie
W1J2J8Co5mAAAIurCioAAAAA,cookie
XiF-vcCo5mIAAg5X5ywAAAAA,cookie
XWNuMcCo5k4AAAx2KgYAAAAA,cookie
WY2BZcCo5lcAAGjtYxkAAAAA,cookie
XDw5C8Co5mQAAllMgrYAAAAA,cookie
XVJj.MCo8XsAACknbOUAAAAA,cookie
W5.HtMCo4VgAAB68VscAAAAA,cookie
W53dIsCo4VUAAB9WI8IAAAAA,cookie
XDmj-8Co5l8AAkyxKDAAAAAA,cookie
V0q3q8Co5kcAAGmNn2YAAAAA,cookie
XUSygMCo8W8AAEsKelMAAAAA,cookie
W7AvwMCo4VUAACoN4U0AAAAA,cookie
XgBtIMCo5lYAAGNUnZgAAAAA,cookie
W7SsmcCo4VYAAJAEeLQAAAAA,cookie
WdDVNcCo5lUAAGmR7MAAAAAA,cookie
XWO0icCo8WUAAATPtfcAAAAA,cookie
Xce3CcCo8YMAAElGEewAAAAA,cookie
XRNB-sCo8XMAAQpmIYMAAAAA,cookie
W1697MCo5nQAADk4bhMAAAAA,cookie
XDG.UcCo4XMAABj1LiAAAAAA,cookie
XMfQNMCo5loAAA7ByvUAAAAA,cookie
WgY6V8Co5mAAANanRX0AAAAA,cookie
XS6yWsCo8XAAADzSdWcAAAAA,cookie
WiVM9sCo5lsAAClhKvsAAAAA,cookie
W2-HI8Co5loAAGJF7mQAAAAA,cookie
W.gnmcCo5ksAADGZC9cAAAAA,cookie
Xi19S8Co8YwAACyV-9wAAAAA,cookie
W7HFLsCo5mQAAGa2cQEAAAAA,cookie
XWIDg8Co5mMAAmYOajMAAAAA,cookie
XeOWiMCo5koAAFN7eTEAAAAA,cookie
WnEI98Co5mMAAvLaA.UAAAAA,cookie
W-ozp8Co5mAAArfYqDwAAAAA,cookie
XAt7ocCo5mMAAO3kKE4AAAAA,cookie
XUPzFcCo5mEAAWKlWfwAAAAA,cookie
XOfhjsCo5l0AADNv2UMAAAAA,cookie
WUU.vcCo5mAAAeHg9GcAAAAA,cookie
XgDF1MCo5o8AAB8NNgYAAAAA,cookie
WWWLX8Co5mEAAWb.Ab8AAAAA,cookie
XjbI5MCo8XMAAAvzBKcAAAAA,cookie
Wk82dcCo5mMAAufeWvwAAAAA,cookie
XERB9MCo5l8AAVs39hsAAAAA,cookie
WXlfDMCo5lMAAEu25SgAAAAA,cookie
W5.aisCo5lIAADKmrtMAAAAA,cookie
Wep8d8Co5l8AAZEGFuMAAAAA,cookie
Wy9VF8Co4VEAAHHIrvcAAAAA,cookie
V24-XcCo5kcAAEMJruMAAAAA,cookie
W5fGN8Co5hAAAEIq0NkAAAAA,cookie
WWBdn8Co4UsAAEaB0mcAAAAA,cookie
WW2WNsCo5lAAAHgiDVMAAAAA,cookie
XiRrnMCo8XcAAPfpcD4AAAAA,cookie
XiTeLcCo8XEAABBb-pEAAAAA,cookie
WriRgMCo4VkAAEEER9wAAAAA,cookie
Wufq.MCo5lgAAAlJMYoAAAAA,cookie
XCcb98Co5mEAAesTo10AAAAA,cookie
XNeuB8Co8WcAAUc-1LUAAAAA,cookie
W4p2sMCo4XIAAH2fv74AAAAA,cookie
XfgPIsCo5nEAAFxuojsAAAAA,cookie
XMB01sCo8WoAAbt0m5gAAAAA,cookie
WctKkcCo5mQAASAHvdUAAAAA,cookie
W8F.9cCo5lYAAF4Jq9kAAAAA,cookie
XYM5MsCo5kgAAHd5bfoAAAAA,cookie
XY-SbsCo5k8AAB7rPDoAAAAA,cookie
XEMvjsCo5lMAADzJAs8AAAAA,cookie
XawZNcCo5kcAADcRAUIAAAAA,cookie
WR5dGsCo5mIAAgcAwFcAAAAA,cookie
XTgM3cCo8WYAACEsE3MAAAAA,cookie
Wtb9XsCo5mMAAgRepFcAAAAA,cookie
XninQ8Co5mEAAh0XIFAAAAAA,cookie
XmAq2cCo8YwAAJFsMpgAAAAA,cookie
Xie8O8Co8YsAAJ55e3EAAAAA,cookie
Wokc9sCo5mMAAOqKkkoAAAAA,cookie
WGpNw8Co5kcAAFg5EBcAAAAA,cookie
W8Myw8Co4U0AADTal5EAAAAA,cookie
W6dH9sCo4VYAAGvtXlAAAAAA,cookie
XeUvD8Co5msAAFVEQscAAAAA,cookie
XDwre8Co5mAAAsaHrQcAAAAA,cookie
XRg.kcCo5l8AAjj2sIkAAAAA,cookie
WKleZsCo4UoAAAKk7NoAAAAA,cookie
XgbNyMCo8XYAAH7rtaEAAAAA,cookie
W8o3PsCo5mAAADDNUZoAAAAA,cookie
Xe.s4sCo5nYAAA40ol4AAAAA,cookie
XWdHe8Co8XYAADweadAAAAAA,cookie
XVyyWsCo5m4AAFT9nuMAAAAA,cookie
W8GxN8Co4cgAADBmpOsAAAAA,cookie
XLm0r8Co5kwAAAmoXgMAAAAA,cookie
WvmEWsCo5mQAAUq5dawAAAAA,cookie
XgWf68Co8WUAAGHpQ34AAAAA,cookie
W3kp.cCo4VMAAHbIlKQAAAAA,cookie
WqYazcCo5koAAGUShWgAAAAA,cookie
XePaxcCo5mIAANk03hUAAAAA,cookie
W8F9vcCo5mEAAqKGnOUAAAAA,cookie
XEXRGcCo5mwAAB85AT0AAAAA,cookie
XjPasMCo8YgAAAoU6A4AAAAA,cookie
WYbABcCo5lcAAHf62HgAAAAA,cookie
XC7z-MCo5lUAACxtez4AAAAA,cookie
W5ttXcCo4cUAAHrgkZkAAAAA,cookie
W5j5o8Co5mgAADRcD7wAAAAA,cookie
Vz7kLcCo5kkAAG9lFgEAAAAA,cookie
XK3Dt8Co5hAAAFc68LcAAAAA,cookie
Xj4DgMCo8XUAACwbFAgAAAAA,cookie
XTwTg8Co8XMAAIwuXmkAAAAA,cookie
Xd3iT8Co5mIAACGls8kAAAAA,cookie
XVlgbsCo5mIAAhuZDJ0AAAAA,cookie
XY42ncCo5m4AAFTkSzsAAAAA,cookie
WnlDz8Co4UcAAEUJ5.0AAAAA,cookie
W-pGscCo5g4AABBcICMAAAAA,cookie
XAyYtsCo5nAAAHXs5GkAAAAA,cookie
W0hRZMCo5m4AABWLrCIAAAAA,cookie
XX83EsCo8WYAAGhUDD4AAAAA,cookie
WxeIacCo4UoAADNb1zgAAAAA,cookie
WF.3E8Co4VUAACxpX90AAAAA,cookie
XHY608Co8YQAAHTykz0AAAAA,cookie
WgiBxcCo5k8AAD3mej0AAAAA,cookie
WkQk88Co4VsAACQl3agAAAAA,cookie
XkIRpMCo8WoAADJLzbYAAAAA,cookie
WjYW7MCo5mEAAPXB2QEAAAAA,cookie
XFFdPsCo5lwAAA2mBLwAAAAA,cookie
Wfbct8Co5mQAATE3HfQAAAAA,cookie
XE5QNMCo5mIAABAPB8wAAAAA,cookie
WevxLcCo5lAAABwL5r8AAAAA,cookie
XTfhecCo8WYAAGN2SKUAAAAA,cookie
XPzCd8Co8XQAAOWhOmsAAAAA,cookie
XGgBR8Co8WoAAPVtbmQAAAAA,cookie
XZQ018Co8WcAAJMw8jUAAAAA,cookie
XQxRHMCo8WgAApQBlxQAAAAA,cookie
XYXzlsCo8WsAAK1IPLEAAAAA,cookie
W91NbMCo4UcAADInY9MAAAAA,cookie
XXrrZcCo8WoAAAw.32gAAAAA,cookie
W.uNcMCo4VUAAGjqQPMAAAAA,cookie
Wn2OoMCo5lMAAH8UftwAAAAA,cookie
XFaU-8Co8WkAAPDQH2sAAAAA,cookie
Xif1O8Co5sIAACP4A3wAAAAA,cookie
WFUwZ8Co4UwAAA4QYKYAAAAA,cookie
XU5jGcCo5l8AALzEVDgAAAAA,cookie
WwqAMsCo4XEAAAMw768AAAAA,cookie
XODUTMCo5mwAAHCVxL4AAAAA,cookie
XL2qicCo5l8AAoB6gmwAAAAA,cookie
XF07CcCo5nEAAGRHooUAAAAA,cookie
W4oxq8Co5mEAAZ1OnSUAAAAA,cookie
XOR7UcCo5lgAAESd3DoAAAAA,cookie
XfnOgcCo5lQAAANIitoAAAAA,cookie
XER7CsCo5mgAAGd9AVoAAAAA,cookie
XJQ8L8Co8G4AACc4W4YAAAAA,cookie
XZ5ra8Co8X0AAB.pLzEAAAAA,cookie
WrTRzsCo4UoAAEcuFzUAAAAA,cookie
V2in1MCo5lQAAEZhb6oAAAAA,cookie
V67kHcCo5k8AAFDCWAgAAAAA,cookie
XfMEmMCo5m0AAF6aBrAAAAAA,cookie
Vq84YsCo4U8AACWwzyEAAAAA,cookie
WoUb78Co5mEAApvb8SUAAAAA,cookie
XV04lcCo5mMAAm12MI4AAAAA,cookie
XCN4LsCo5mAAAnHxfm8AAAAA,cookie
XZM1ZMCo8XIAAGPeqssAAAAA,cookie
XTfIpMCo8W8AACNLLmcAAAAA,cookie
WvbHssCo4U0AAHUHD.UAAAAA,cookie
XYwtLMCo5lgAAANGy5AAAAAA,cookie
XPJKOsCo8YcAAAX7qbsAAAAA,cookie
XAKv4MCo5hIAABzsNOUAAAAA,cookie
XIfhL8Co5msAADu5ywQAAAAA,cookie
XKP5osCo8WUAAICqU6wAAAAA,cookie
XZE3oMCo8WYAAB1oMkgAAAAA,cookie
XF6z38Co8WUAAqgkLYcAAAAA,cookie
Wb9DCsCo5mEAAl.ExNMAAAAA,cookie
XXsGHcCo8X8AAEChXUQAAAAA,cookie
XfitvsCo8YsAAC874CAAAAAA,cookie
XPejj8Co5mIAANAIe3cAAAAA,cookie
XQMj.8Co8YoAAEyc2J0AAAAA,cookie
W-RnAcCo5mQAAdam39EAAAAA,cookie
XPSxf8Co8WgAAg4YyBoAAAAA,cookie
W6DOCMCo5mMAAQtaznEAAAAA,cookie
XR10RcCo5mUAAAV3PDYAAAAA,cookie
XTgM3cCo8WYAACEsE3MAAAAA,cookie
XhvMdcCo5g0AACzZItgAAAAA,cookie
XC7llsCo5mgAAErWKcQAAAAA,cookie
XMeS2sCo8XAAAAjaOwkAAAAA,cookie
W2-HI8Co5loAAGJF7mQAAAAA,cookie
XUZINcCo5lEAAAnX5U4AAAAA,cookie
WLKb7MCo4U0AAF9aBpkAAAAA,cookie
XilOOsCo8YMAAAMZ76YAAAAA,cookie
WqSwo8Co4VkAAEA.xIwAAAAA,cookie
XBX70sCo5lcAAHTMGOUAAAAA,cookie
XXB858Co8YcAAExTox8AAAAA,cookie
XA5RvsCo4XIAABd939EAAAAA,cookie
XLkeJcCo5mMAADBpJ7cAAAAA,cookie
XHYn8cCo8WgAAYW31tUAAAAA,cookie
WyCd1cCo5l8AAjoMTkUAAAAA,cookie
XIUR3sCo5loAADX.nBEAAAAA,cookie
WuWTbMCo5mIAAXMQSGgAAAAA,cookie
Xi19S8Co8YwAACyV-9wAAAAA,cookie
Xb6yN8Co8WoAAUuKSfUAAAAA,cookie
XVdpzsCo5kkAAGAdS3IAAAAA,cookie
WK-Y8sCo4U0AAAvW3M0AAAAA,cookie
XIYIDsCo8WgAAS-cyCEAAAAA,cookie
W5vXZcCo4VQAAHDWoOQAAAAA,cookie
XeudXcCo5nAAABBB59wAAAAA,cookie
WmNm-cCo4VAAAHHgZXEAAAAA,cookie
W58tnMCo5kwAAC0lJ40AAAAA,cookie
XAzPDcCo5lYAAAMrmEsAAAAA,cookie
WRAKGsCo5lYAAEIJnKsAAAAA,cookie
Wb0iiMCo5mQAAn-lzhcAAAAA,cookie
WqIDr8Co4UcAAFLuvRAAAAAA,cookie
XI.rc8Co8WsAAb2eksUAAAAA,cookie
W3KRAMCo5mAAAqKimS0AAAAA,cookie
XNd.bMCo5l8AAWLCzQIAAAAA,cookie
XPJOx8Co5lwAAAavgxMAAAAA,cookie
XbMMs8Co5kgAAEydFboAAAAA,cookie
XfktMcCo5p0AAqKaxD8AAAAA,cookie
XjEubcCo8YoAAMVi308AAAAA,cookie
XEEiisCo4VQAAAbGAmIAAAAA,cookie
XhzuNMCo8ZIAABcbxyYAAAAA,cookie
WKNI6cCo5osAACiANt0AAAAA,cookie
XN7rssCo8WwAADRZKrAAAAAA,cookie
XXMXzcCo8YAAAAchZqkAAAAA,cookie
XA5RvsCo4XIAABd939EAAAAA,cookie
Wj9cTcCo5lYAAHgpBVMAAAAA,cookie
XLMfmsCo8YMAAHHKcsQAAAAA,cookie
V4oSscCo4VAAAGYYt6sAAAAA,cookie
WY5zmMCo5mEAAd4ki4sAAAAA,cookie
Xcd67sCo5k0AAGlxla0AAAAA,cookie
WxpM1sCo5mMAAsnitt8AAAAA,cookie
WwOkw8Co4VEAAGBmDn4AAAAA,cookie
XI4EqsCo5p0AAR910GAAAAAA,cookie
XhbQp8Co8YkAAHWMV5AAAAAA,cookie
WovGn8Co4VIAADfkNJMAAAAA,cookie
XgsDncCo5g0AAA2hYh4AAAAA,cookie
XXEm8MCo5nQAAA.VSg0AAAAA,cookie
WjtUOsCo5l8AAbkMjdUAAAAA,cookie
W1IlEcCo4XQAAA8.KsMAAAAA,cookie
WQxu2sCo4UgAABJwJ.gAAAAA,cookie
XPZvPsCo8YAAAHY8D00AAAAA,cookie
XXc.3MCo5k0AAC9RgmgAAAAA,cookie
XYx0d8Co8WUAAOzY0t0AAAAA,cookie
XilnUcCo8YsAAP8eiz0AAAAA,cookie
XX1eqQoKATIAAO.XBj8AAPfR,cookie
XJVTOMCo5mIAADQf75MAAAAA,cookie
WrY5K8Co4VUAAHm9p00AAAAA,cookie
Vu-5M8Co4UwAAFt27zIAAAAA,cookie
W6dH9sCo4VYAAGvtXlAAAAAA,cookie
XSxKvcCo5l8AApd3UOAAAAAA,cookie
Xn382cCo8ZQAAG0vwcIAAAAA,cookie
XBj5uMCo5mcAACxduM4AAAAA,cookie
WLpkJcCo4aMAAGS7uyoAAAAA,cookie
W5j5o8Co5mgAADRcD7wAAAAA,cookie
Xbu56cCo5mIAAu0k9FwAAAAA,cookie
XT0-6sCo5nMAAGgkGwMAAAAA,cookie
Xb7NcMCo5g4AAFD.sWIAAAAA,cookie
XKVvH8Co8WwAAgQTT8EAAAAA,cookie
XLwlX8Co5mMAAJMk1aAAAAAA,cookie
XX8JZcCo8WgAAuRcV1QAAAAA,cookie
WLuGUcCo4UoAAERo1QUAAAAA,cookie
XML7fMCo5l8AArtuYrsAAAAA,cookie
XUvTFsCo8WoAAZoKIkgAAAAA,cookie
XRkSwcCo8XcAABgKGcsAAAAA,cookie
XarMxcCo5mQAAgz-jCYAAAAA,cookie
XCCfSMCo5l0AADllsZgAAAAA,cookie
XYq6LsCo5mIAAnViB04AAAAA,cookie
XjX3QMCo5r8AAOke50QAAAAA,cookie
W1qkocCo4VUAAE9rTR4AAAAA,cookie
WkzVLMCo5mAAATAwIU0AAAAA,cookie
WliUmMCo5kcAADEdqsYAAAAA,cookie
Wog8esCo4UgAAGNC8w0AAAAA,cookie
XXO0icCo5lcAAFctRQoAAAAA,cookie
V4o7UcCo4XcAABgs2BUAAAAA,cookie
XUjgQcCo8WUAAShRZ60AAAAA,cookie
XbTZVsCo5mIAAXk9UjgAAAAA,cookie
WwzsWMCo4cMAACE8ny0AAAAA,cookie
WE-emMCo4U8AAAweuk8AAAAA,cookie
W8yBIsCo4VEAACvWbLAAAAAA,cookie
XK3M-8Co8WkAAS905DAAAAAA,cookie
WJv.xMCo5l4AAGkQmIEAAAAA,cookie
XVoyk8Co5msAAGrmDycAAAAA,cookie
XeO7UMCo5l8AAG3h-lkAAAAA,cookie
W7ntA8Co5msAAGb7wiAAAAAA,cookie
XTq5osCo8XMAAaOgimQAAAAA,cookie
XbeUusCo8WkAAc.wr2UAAAAA,cookie
W58v28Co5mEAAd8eOboAAAAA,cookie
XhXX0sCo5sEAACQdVN8AAAAA,cookie
XLRvrsCo5ksAAC0pkP0AAAAA,cookie
XVJnysCo5mAAAoYJ5IcAAAAA,cookie
XL18csCo8XoAAHBIp6YAAAAA,cookie
WubTmcCo5k0AAGmJ2NoAAAAA,cookie
XLRvrsCo5ksAAC0pkP0AAAAA,cookie
XJXYS8Co5mYAAGierBkAAAAA,cookie
WpvtE8Co5mQAAeg9kCUAAAAA,cookie
Ws8z1sCo4U8AAEf972gAAAAA,cookie
XFVhisCo8WUAAr0Xk4wAAAAA,cookie
WfmeT8Co5k4AADmNaRwAAAAA,cookie
XS1DTcCo8WoAAN1vEXkAAAAA,cookie
WK7CpsCo4U8AAHYceekAAAAA,cookie
WzhEd8Co5mMAAqwwibsAAAAA,cookie
W3g0wMCo4VwAAEsKgXsAAAAA,cookie
XY8APcCo5k4AACpFAX4AAAAA,cookie
XQhIM8Co8XMAAb2eRN0AAAAA,cookie
VyQb5cCo5kgAAGoegBAAAAAA,cookie
Wpwf-8Co5mQAAI6O4osAAAAA,cookie
XhdzSsCo8XcAANc8WVQAAAAA,cookie
XZ14WcCo8WcAAMMRtPgAAAAA,cookie
Xd8qY8Co8XAAAEQkRRcAAAAA,cookie
WgsHdMCo5lUAAHA299EAAAAA,cookie
XTv0LMCo8W8AAB19Lk8AAAAA,cookie
XJdCycCo8WYAAQMZ4KIAAAAA,cookie
WzS6TcCo5lIAAD5UpqsAAAAA,cookie
Xc-8EsCo5mAAAddIeCcAAAAA,cookie
XYRFiMCo8WsAAqE1M5QAAAAA,cookie
V2ARCsCo4VAAADwYCyoAAAAA,cookie
XUziTsCo8YYAACU.IPkAAAAA,cookie
XPHh-sCo8GUAABAsJf8AAAAA,cookie
XiGGs8Co8XgAAKnq9y8AAAAA,cookie
Xedpr8Co5l8AAdM-80gAAAAA,cookie
Xc--qsCo8WwAAP9JNPUAAAAA,cookie
XhkXi8Co5lcAABMqTZ4AAAAA,cookie
Xb-i-MCo5mEAAaHBMSAAAAAA,cookie
XJ8iL8Co5g4AAD7cAqYAAAAA,cookie
Wb0QvsCo5l8AAXLLcEkAAAAA,cookie
WfVcncCo4VQAABCD-i8AAAAA,cookie
V.c4XcCo5lYAABOcSaMAAAAA,cookie
We-43cCo5mIAAA9M.AAAAAAA,cookie
Vweq5goKAMwAAC90bX4AAAAb,cookie
WQgJ8sCo5kwAACwe884AAAAA,cookie
XgnxSsCo8YkAAL1mFOUAAAAA,cookie
W4YuA8Co5hEAADPNXscAAAAA,cookie
XMvXHsCo5k8AAHG2spkAAAAA,cookie
XAHLhsCo5mEAAtr9YnMAAAAA,cookie
V0nVesCo5kkAAG9rTfUAAAAA,cookie
W8lchcCo5mEAACcFkz0AAAAA,cookie
WXwLk8Co5k0AACYsnP0AAAAA,cookie
XGVvHMCo5hQAADJBkB0AAAAA,cookie
XGqOxMCo5mMAAsO1CJMAAAAA,cookie
XIN.E8Co5moAAErC5g8AAAAA,cookie
XnofosCo5l8AAfukXeIAAAAA,cookie
XSxIPsCo8YcAAFtkx1kAAAAA,cookie
WqYdN8Co5lsAABFmDYIAAAAA,cookie
XZH7vcCo5l8AApZqOP4AAAAA,cookie
W1HASsCo5qAAAUawemAAAAAA,cookie
XL-LRsCo8GwAAU5Va08AAAAA,cookie
XTbtncCo8WUAAfMgVkwAAAAA,cookie
XaBmUMCo8WoAAlP6WAsAAAAA,cookie
WY.Gd8Co5lIAADD6o5AAAAAA,cookie
W1rJrMCo5mgAAAV6O0sAAAAA,cookie
XEGBEsCo5m8AAFojEq8AAAAA,cookie
XDfRz8Co5mAAAcHHrbQAAAAA,cookie
XPI8ucCo8YIAABmgu3AAAAAA,cookie
XFpiJMCo8HYAAFephKIAAAAA,cookie
WmR9HcCo4UcAAF6.NVIAAAAA,cookie
XHtSuMCo5l8AAEOntGIAAAAA,cookie
XA0dkMCo5m4AABe-DawAAAAA,cookie
W17HzMCo4XIAAH03cLsAAAAA,cookie
XjpTI8Co5mUAAEpoFqkAAAAA,cookie
XbT81MCo8WgAAhDuxrUAAAAA,cookie
XLoriMCo8WcAAP6mApYAAAAA,cookie
WBiAW8Co5kcAADrFIdcAAAAA,cookie
W2PfcMCo5mQAAt9zsEgAAAAA,cookie
WHorGsCo4UgAAHtta-cAAAAA,cookie
W7haQcCo4XMAAFfS3ewAAAAA,cookie
XkuWf8Co5mgAAGjLg1sAAAAA,cookie
W1Xb68Co5k0AADeZVkMAAAAA,cookie
W8gE4cCo4UkAAAaexPYAAAAA,cookie
XYZCscCo5k0AADhoL40AAAAA,cookie
XWJLfsCo8WYAAnSc7UAAAAAA,cookie
WuPW0sCo4VoAAHz6gpcAAAAA,cookie
XWi8csCo8W4AADtBSnAAAAAA,cookie
XA3YFsCo5l8AAalak-AAAAAA,cookie
XT9sOcCo5gwAAGG2nIcAAAAA,cookie
WDv8s8Co4U0AAClhx1wAAAAA,cookie
Xay8ssCo5mIAAcxvh90AAAAA,cookie
WHYgmcCo4UoAAFpVkTEAAAAA,cookie
XIRvaMCo5l8AAQ9j-OUAAAAA,cookie
XPz0tcCo8XMAAF12gOcAAAAA,cookie
WTVNMcCo4W4AACROxn0AAAAA,cookie
XdZfKMCo8WgAAEvMFp4AAAAA,cookie
W0dSoMCo5m8AAB0QuNUAAAAA,cookie
XMbCq8Co8WkAAMAS0I0AAAAA,cookie
W5Pm-cCo5mQAAZKfMLQAAAAA,cookie
XigMpMCo5l4AADXamdQAAAAA,cookie
XWto4sCo5k0AACKRiZEAAAAA,cookie
XdobV8Co8XYAACxtnl0AAAAA,cookie
XWGRKsCo5mMAAr97IM0AAAAA,cookie
WjZUOMCo5l8AAR9-FAIAAAAA,cookie
WEFYyMCo4ZkAAH1jgRIAAAAA,cookie
XaVkksCo5mMAAP.cYR8AAAAA,cookie
Xj.y1cCo8XUAAMCYNx0AAAAA,cookie
XfNs4MCo8XUAAKecX3UAAAAA,cookie
W.AkssCo4XAAAFu5vvIAAAAA,cookie
XkqemMCo8XUAAKCm31oAAAAA,cookie
W1RL88Co5mkAABO37iAAAAAA,cookie
XHI9DcCo8WUAAWTP.6cAAAAA,cookie
XQy4YsCo8WUAAcCV.EgAAAAA,cookie
XSE-scCo8WkAAihZrwMAAAAA,cookie
XnUVg8Co5lIAAEDzFwsAAAAA,cookie
XNei4MCo5mEAADe5BmgAAAAA,cookie
W6SoE8Co4ccAAHWwuZcAAAAA,cookie
VdyvAsCo4bcAABw6d1YAAAAA,cookie
XgGwpsCo5mEAAgsnSaIAAAAA,cookie
WzSK2MCo4UwAAG7XKNEAAAAA,cookie
XNOQqMCo8WoAAOvRlCQAAAAA,cookie
XQCo8MCo5mAAADum2ksAAAAA,cookie
Wx.WWMCo4U8AAFIbRPgAAAAA,cookie
XEM63cCo5l8AAry7OLsAAAAA,cookie
W0HlAsCo4cgAAEIYIDcAAAAA,cookie
Xej6bcCo8W4AAB7P7BgAAAAA,cookie
XcduX8Co8X8AAAOb.bMAAAAA,cookie
XYQ9usCo5mMAAZ5bG4QAAAAA,cookie
XXKdFsCo8WUAAh7ftPYAAAAA,cookie
W0dSoMCo5m8AAB0QuNUAAAAA,cookie
XSWYicCo5mAAAaKYv0AAAAAA,cookie
W27P28Co5k4AAA0cevQAAAAA,cookie
Xkm0c8Co8XgAALVsQggAAAAA,cookie
XJL2McCo8X4AAF8prZ0AAAAA,cookie
XFCJSMCo5gwAAHTNZ2gAAAAA,cookie
XOvOEsCo5mIAAjZ333EAAAAA,cookie
W4PME8Co4VgAAG6pLogAAAAA,cookie
XHUdEMCo5l8AAjS3RCQAAAAA,cookie
XgtUYcCo8ZkAAF9jxskAAAAA,cookie
WpM458Co5mIAAdScalEAAAAA,cookie
WcyRz8Co5lMAAAxYAKAAAAAA,cookie
WsRqO8Co5mAAALM1JxsAAAAA,cookie
XRH-P8Co5mMAAbi2FBAAAAAA,cookie
WQhri8Co5lEAAHVodM4AAAAA,cookie
XTk8n8Co8XMAAIfpkX4AAAAA,cookie
XAIp9cCo5l8AAsmnaPgAAAAA,cookie
WXyVG8Co5mAAAtH2m5YAAAAA,cookie
V3Xl.cCo4VMAADD8uIMAAAAA,cookie
XZmej8Co5mUAAF2epkUAAAAA,cookie
Wt2xpMCo4U0AABSjK3UAAAAA,cookie
VpvCYMCo4UwAABh33FgAAAAA,cookie
XXTBM8Co8WYAAYmqY5sAAAAA,cookie
W4tIWMCo5g4AAHcbAFoAAAAA,cookie
Xidu4MCo8HgAAPZ466UAAAAA,cookie
Wna3FMCo5lsAABx0X7MAAAAA,cookie
W7yh1MCo5hAAAGk8O0EAAAAA,cookie
XZWkicCo5kgAABKM7c4AAAAA,cookie
WppTEsCo5mEAABVzg.oAAAAA,cookie
XaxBXsCo5mQAASXaVWQAAAAA,cookie
XDxR4cCo5lIAABCjFEEAAAAA,cookie
XaxgCsCo8YkAAFtxN5oAAAAA,cookie
XjZ0O8Co8WkAAFyRXUYAAAAA,cookie
XQ3cQMCo8WwAAlBkbDUAAAAA,cookie
V5RpVsCo4VMAAGEApkIAAAAA,cookie
XMVZFcCo8YEAAGK3meAAAAAA,cookie
XNz0N8Co8XMAAVMGKQ0AAAAA,cookie
Xi6M5cCo5mMAAavHE3EAAAAA,cookie
Wkh86sCo5l8AAXPZbiYAAAAA,cookie
WX3D5sCo5lgAAEF4hagAAAAA,cookie
W4JJ3sCo4U0AAC2vR4QAAAAA,cookie
XU0QasCo8XYAACxvXsMAAAAA,cookie
W7hkoMCo4XMAAAUNMQsAAAAA,cookie
XKHvrsCo5lQAAGIQ.l8AAAAA,cookie
XbGxnsCo8XEAAAXnzT8AAAAA,cookie
XN.JecCo5mEAAWtRHuYAAAAA,cookie
W4D37cCo5pwAApcUrEkAAAAA,cookie
XDaVJsCo5lIAAAhXc5gAAAAA,cookie
W8gp8MCo5mAAArpQolUAAAAA,cookie
WwSyHMCo4VAAADXbIqYAAAAA,cookie
XT0vEsCo5mEAAGgaQusAAAAA,cookie
W2AKAMCo4cUAAD9wVAkAAAAA,cookie
XKq.fcCo5kkAAChu6coAAAAA,cookie
XTRB1MCo5kgAAG.jjoIAAAAA,cookie
XG5qgcCo8W8AAAn.V6QAAAAA,cookie
Xgq098Co8XUAACcqGBYAAAAA,cookie
W3qpYsCo5m4AAAO1NRYAAAAA,cookie
WuRL-sCo5lEAABvj.ZUAAAAA,cookie
XTrpO8Co8W8AACcRFz0AAAAA,cookie
W7cozMCo5nEAADhctAcAAAAA,cookie
XCy89sCo8WkAAYdgqnUAAAAA,cookie
WzANbsCo5lAAAEh-m-0AAAAA,cookie
XIiPsMCo8YMAACZVr8cAAAAA,cookie
V52O68Co4VYAAE0w.McAAAAA,cookie
XVPfvcCo8YoAAEu0XVsAAAAA,cookie
Whp.3MCo5lIAACmsu1QAAAAA,cookie
XlCp2MCo5sEAAM.qufEAAAAA,cookie
XJMowcCo8WYAAenj3OUAAAAA,cookie
XMVvPMCo5mAAARYha0kAAAAA,cookie
Xi1QOsCo5hEAAArx6uUAAAAA,cookie
WDG8LcCo5koAAH.Zh6sAAAAA,cookie
WzYjFsCo5nAAAClexCAAAAAA,cookie
XNvNXsCo5hAAADOMuVkAAAAA,cookie
XR8QwcCo8YoAAFhgDiIAAAAA,cookie
Wwj5K8Co4VAAAEVaXNcAAAAA,cookie
XZCP6cCo8WsAAul6h1kAAAAA,cookie
XM.fVsCo5gwAACzlZ2QAAAAA,cookie
W4ufrcCo5l0AADlKaEcAAAAA,cookie
XfmeO8Co8IUAACUTmuoAAAAA,cookie
XFg4F8Co5mAAATcJFzUAAAAA,cookie
VpMzQcCo5lMAALEjzWsAAAAA,cookie
XQ4jB8Co5m4AAGaFfNIAAAAA,cookie
XNOIJcCo5l8AAEWtU0oAAAAA,cookie
XNjwhMCo8WkAAcvk64wAAAAA,cookie
WZ5TcsCo4VYAAAchxXUAAAAA,cookie
XYXVjMCo8YwAAD2kx6sAAAAA,cookie
VyNmsMCo5lQAAAjq7BgAAAAA,cookie
XDJ93cCo5hIAAHaGqVUAAAAA,cookie
WJx3kMCo4VAAAHTQQJQAAAAA,cookie
WyWypsCo5mIAAfHaqFkAAAAA,cookie
WySBFcCo4UoAAGQ3NSoAAAAA,cookie
XRShyMCo5nQAAHAD07EAAAAA,cookie
WxxjSsCo5mwAACzNNxsAAAAA,cookie
Wlx28cCo4VAAAD0bqqcAAAAA,cookie
XhBgqsCo5g4AAFWFfVkAAAAA,cookie
W6jtZsCo4cUAAGe9m-wAAAAA,cookie
Wd3XdMCo5mAAAIfRZ88AAAAA,cookie
WkXnkcCo4UkAACOnDokAAAAA,cookie
W2oqb8Co4XIAADbPoK8AAAAA,cookie
W4Y8PsCo5l8AAdPoO8oAAAAA,cookie
XeMpTcCo5nMAACJ-4VgAAAAA,cookie
XJMqmsCo8IUAACPQQMoAAAAA,cookie
WxFzscCo4cUAAHB-KGYAAAAA,cookie
XfiL5sCo5mQAAMfZuE0AAAAA,cookie
Wke0NcCo5mAAAXQBF8MAAAAA,cookie
XPImZ8Co8WcAAS4tVJoAAAAA,cookie
XDxwXsCo5mQAAqf122wAAAAA,cookie
W2fk1sCo4XIAABe-Y3UAAAAA,cookie
XdlUTsCo5loAAAWIN7kAAAAA,cookie
XgeIxcCo8XgAAPiOo6sAAAAA,cookie
W-OmksCo4UcAAGCropcAAAAA,cookie
W3Quj8Co5mQAAZrkYVgAAAAA,cookie
XNkSocCo5gsAAH1sFIgAAAAA,cookie
Xg2tm8Co8YoAANm0sZgAAAAA,cookie
XLiCYcCo5mEAAdN.KI0AAAAA,cookie
XFLJ4MCo5mMAAkgxrBIAAAAA,cookie
XOkVgsCo8WYAAb8ePZYAAAAA,cookie
XUNg0MCo5hEAAGr7HvoAAAAA,cookie
XEGE6MCo5mMAAKKBfNgAAAAA,cookie
XRiRaMCo8WYAAuCP-h8AAAAA,cookie
XhA-vMCo8XUAAPOuAeYAAAAA,cookie
W3z9Y8Co4cYAAEq8ypYAAAAA,cookie
XCLo8sCo4UsAAGI-Q8kAAAAA,cookie
W.abpMCo4VUAAE4vu6wAAAAA,cookie
Wz3HGcCo5lMAAEeGqAYAAAAA,cookie
WxIvDsCo5mUAADgUFqYAAAAA,cookie
XgtodMCo8XYAAOG24-8AAAAA,cookie
XTMcSMCo8WkAAXFOWJUAAAAA,cookie
WdoQ7cCo5kwAAGr-9rEAAAAA,cookie
XFEgasCo8WgAAla73osAAAAA,cookie
WesUs8Co5l4AAHgQcvcAAAAA,cookie
XeYErsCo8WcAAk.znWEAAAAA,cookie
W5PCLMCo5l4AAFy2qvMAAAAA,cookie
XdwoxcCo5ksAACeuyLkAAAAA,cookie
Wkh86sCo5l8AAXPZbiYAAAAA,cookie
XCxj0MCo5mAAAAgyuekAAAAA,cookie
W1MqusCo5pcAAgWQgt8AAAAA,cookie
XM9eyMCo8YsAAC2uon0AAAAA,cookie
XPIZLMCo8WUAAZAGeb8AAAAA,cookie
XEWUq8Co5hQAAD40ED0AAAAA,cookie
XZR1mMCo8WsAATh-aVIAAAAA,cookie
Wuzc5sCo4VwAAEz8fHUAAAAA,cookie
XLqjisCo8WgAAOu3dWAAAAAA,cookie
XYx5XMCo5k0AAFqs71cAAAAA,cookie
XYhAtcCo8XwAAE-CvVAAAAAA,cookie
Xd818cCo5lwAAEFTaLUAAAAA,cookie
XBzcNMCo5nEAAEd-jBkAAAAA,cookie
W5TKysCo5mQAAYs7FioAAAAA,cookie
WbQM7MCo4U0AAGW92nQAAAAA,cookie
XWzIBcCo5mMAAP51qmMAAAAA,cookie
Wkt7ssCo5lAAAE.k9NQAAAAA,cookie
XKLaC8Co8WYAAdBkPrYAAAAA,cookie
WLouUMCo5k8AABS8CUUAAAAA,cookie
W4MmrsCo5kgAAB09JmMAAAAA,cookie
XZC5GsCo8XMAAQMv4FoAAAAA,cookie
Wiuh98Co5lkAABnWykwAAAAA,cookie
WXweO8Co5n8AACkLTZsAAAAA,cookie
XdYd-cCo8X8AAER5eVoAAAAA,cookie
W6DXscCo5lMAAFRrKYQAAAAA,cookie
Wyj-Z8Co5mEAAYN4d3AAAAAA,cookie
WwGMlMCo5kgAAF9J.0UAAAAA,cookie
WaEdpMCo4V4AADaDdfIAAAAA,cookie
V52k7cCo4U8AAEL-rzYAAAAA,cookie
WCQjJMCo4U8AAEc67HYAAAAA,cookie
XTWyP8Co5mkAAB6pbJ0AAAAA,cookie
W-UNMcCo4VYAATgB-98AAAAA,cookie
XBoD1cCo8WcAAOz5c4EAAAAA,cookie
XVVzP8Co8WgAAf03tTwAAAAA,cookie
W8JL0sCo4cgAADrPyl0AAAAA,cookie
Wh6IQsCo4VoAABcFakQAAAAA,cookie
XCxfesCo5l8AAlg2lIkAAAAA,cookie
Wv7BacCo4UsAAG3PcLEAAAAA,cookie
XVbUBMCo5hAAAF7FWWAAAAAA,cookie
WLOzxcCo4VUAABJmes4AAAAA,cookie
Ww-RkMCo5lkAAFRQGvQAAAAA,cookie
XH01H8Co8WoAAqYItA0AAAAA,cookie
WY6HecCo5mEAASOwkJcAAAAA,cookie
XPejj8Co5mIAANAIe3cAAAAA,cookie
WQ6Gh8Co5k0AAFondw4AAAAA,cookie
XCahFcCo8WYAAEequ8IAAAAA,cookie
XMFWG8Co5hEAAE.ma7UAAAAA,cookie
XdaC1MCo5mEAAGm1TNQAAAAA,cookie
XgBCO8Co5mMAAlY-SSUAAAAA,cookie
XmIeBcCo5mEAAHuTNa8AAAAA,cookie
W4gnIcCo4XEAAFeuuV0AAAAA,cookie
XhkhosCo8YMAADAo7bgAAAAA,cookie
XTlJ78Co5lMAABRUNLgAAAAA,cookie
WbDn48Co4VwAAGmOdcAAAAAA,cookie
XiWSqsCo5l8AAfp8Kj0AAAAA,cookie
W1A3U8Co4U8AAEM1A-sAAAAA,cookie
XfsHPcCo8WkAAISiWOEAAAAA,cookie
XHJV3cCo5lMAAEG7XpMAAAAA,cookie
WzcM-8Co4YkAAE4Azu0AAAAA,cookie
Xi19S8Co8YwAACyV-9wAAAAA,cookie
XOt3NsCo8WgAAj9jvhYAAAAA,cookie
Wyy6I8Co4U4AABOdcuYAAAAA,cookie
WbabD8Co5k4AAF4ZsJAAAAAA,cookie
WnAk98Co5l8AAXzLVG0AAAAA,cookie
Wglo-8Co5mQAAngwlKUAAAAA,cookie
Xb0v5cCo5mEAAe3RKZYAAAAA,cookie
WYwWIsCo5mIAAbZAOQYAAAAA,cookie
XV1HQ8Co5l8AAmbEisUAAAAA,cookie
XGpadsCo5nQAADXzDXYAAAAA,cookie
W2V3MMCo4cYAAA3OekUAAAAA,cookie
XSviesCo8X0AAEfaKD0AAAAA,cookie
XG0KMcCo8WoAARkjjPEAAAAA,cookie
XJOI2cCo5mgAABp5Hw8AAAAA,cookie
WXmcgcCo5mQAAGEYIwIAAAAA,cookie
V3y-m8Co4VQAAEd7nW4AAAAA,cookie
W54VScCo4XEAAEcbfWMAAAAA,cookie
WLpcqcCo5l0AACkX-JgAAAAA,cookie
XI.rc8Co8WsAAb2eksUAAAAA,cookie
XfR3icCo8WoAApP8dnAAAAAA,cookie
XU59tsCo5mEAAm3zNysAAAAA,cookie
W6OjCcCo5hEAAHd0Qp4AAAAA,cookie
VpMzQcCo5lMAALEjzWsAAAAA,cookie
XGjDhcCo5g0AABRsZN8AAAAA,cookie
XO41YMCo5g0AADOHNGEAAAAA,cookie
W.6xe8Co4W0AAH6EVMMAAAAA,cookie
XBS8c8Co5mMAAIt94JwAAAAA,cookie
XNbshcCo8XoAADl00RIAAAAA,cookie
W724CMCo5k0AAG5yuocAAAAA,cookie
XYd7gcCo8WkAAccC8YkAAAAA,cookie
XRhu2MCo5mkAAAqIz9UAAAAA,cookie
WY1LC8Co5mQAAXCHrjcAAAAA,cookie
W9kWPMCo4VUAAAi3sc8AAAAA,cookie
Wyt3dsCo5lIAAEUi5OUAAAAA,cookie
XOpLj8Co8X0AAD-wtIwAAAAA,cookie
XQIfbsCo8WcAAojKIh4AAAAA,cookie
W4JJ3sCo4U0AAC2vR4QAAAAA,cookie
XD6rs8Co5g4AABCvzoEAAAAA,cookie
XPJ2v8Co5pUAAEELQ-UAAAAA,cookie
W2QIlcCo5mAAAohX4RIAAAAA,cookie
V7nchMCo4XAAACLlPpIAAAAA,cookie
XjhXHcCo5mQAAoh5gSQAAAAA,cookie
XLGn48Co5kgAAFWZcQsAAAAA,cookie
XJ.RYsCo5ksAABDy59IAAAAA,cookie
XX9L2sCo8WoAAcVXlr4AAAAA,cookie
Xff7-8Co5mEAAi6gKBUAAAAA,cookie
V-nR3sCo4UkAAEuEX5oAAAAA,cookie
XLmlNMCo5p0AAIxvm-UAAAAA,cookie
WvgNjcCo5lgAACVB2VIAAAAA,cookie
WohCXcCo5lYAAFnKhzcAAAAA,cookie
XLGU-MCo8XwAADIXU6UAAAAA,cookie
XZQ018Co8WcAAJMw8jUAAAAA,cookie
W9W3esCo5mMAAti1QCAAAAAA,cookie
Xj0jQcCo8WUAAAifPzUAAAAA,cookie
WJW648Co4VIAAE.iauwAAAAA,cookie
Xf9sNMCo5lsAAGqMJNEAAAAA,cookie
XWqWFsCo8WgAAsRaRqgAAAAA,cookie
Wkh86sCo5l8AAXPZbiYAAAAA,cookie
V4o7UcCo4XcAABgs2BUAAAAA,cookie
XQCwFMCo8WcAAaVgSiQAAAAA,cookie
XIzg4sCo5lsAABDwVXQAAAAA,cookie
Xcsj1cCo8WcAApFBxeMAAAAA,cookie
XMbY.sCo8WoAAqchZn4AAAAA,cookie
XPno2cCo5mcAABlobBAAAAAA,cookie
WWoes8Co5k8AAGsb6mUAAAAA,cookie
XXSEXcCo8XMAASU5u7gAAAAA,cookie
XeTO0sCo5kgAADMcioIAAAAA,cookie
XJNHJsCo8WkAAJreZtYAAAAA,cookie
XLVqx8Co5mkAACwBq-MAAAAA,cookie
XgtUYcCo8ZkAAF9jxskAAAAA,cookie
WXhElsCo5mIAAY.EVscAAAAA,cookie
WYuJ4sCo4VMAAE8QQbIAAAAA,cookie
XdaC1MCo5mEAAGm1TNQAAAAA,cookie
XNwGkcCo8WUAAtdjaGQAAAAA,cookie
XQIfbsCo8WcAAojKIh4AAAAA,cookie
Xo89N8Co8XsAAF9F8ksAAAAA,cookie
Wkj7oMCo5mAAAC8Z.rgAAAAA,cookie
W3f.9cCo5mAAAdR-HFQAAAAA,cookie
XSRRJMCo8W8AAAbnTXIAAAAA,cookie
W8nG.8Co4VQAAE4N-9UAAAAA,cookie
XZBKmsCo5lUAAE2LMyEAAAAA,cookie
XilYqsCo5sAAAO9oM78AAAAA,cookie
Vb9XScCo4XwAACgOTeUAAAAA,cookie
W4OR3MCo5lcAABzj9V0AAAAA,cookie
XU7jkcCo5mAAAqvWcVcAAAAA,cookie
XSYPIMCo8WcAAG97d3MAAAAA,cookie
XRrQOMCo5mQAAEovzYMAAAAA,cookie
XjPmlsCo5l8AAK.VEooAAAAA,cookie
XeM5K8Co5mQAATKjo5oAAAAA,cookie
XXcpxMCo8WgAACYaz6QAAAAA,cookie
XReK6cCo5mAAADC2FCgAAAAA,cookie
XhnvcsCo8XYAAKHp81AAAAAA,cookie
Wglo-8Co5mQAAngwlKUAAAAA,cookie
XE2GoMCo5m0AABoj5dUAAAAA,cookie
XScdP8Co5mQAARnrbrQAAAAA,cookie
Wa0sRsCo5lQAAAoHBkIAAAAA,cookie
WrJokcCo5lYAAE7axAQAAAAA,cookie
WTv8JcCo5l8AAeV.d3gAAAAA,cookie
W00Wi8Co4XQAAHUNR5MAAAAA,cookie
WrTRzsCo4UoAAEcuFzUAAAAA,cookie
W-qo5cCo4U8AAHIfcusAAAAA,cookie
XYjFIsCo5g8AAEBS1G0AAAAA,cookie
XBdno8Co5mgAACfk1ikAAAAA,cookie
WyEcjsCo4VMAAH0RklgAAAAA,cookie
Xeh.KsCo8XgAAMe5J6AAAAAA,cookie
V.adF8Co5lQAAHDF9hYAAAAA,cookie
XVJnysCo5mAAAoYJ5IcAAAAA,cookie
XlAAM8Co8XYAAB4Sn9YAAAAA,cookie
XdObDMCo5k0AADC6RaYAAAAA,cookie
Xlf77cCo5lMAACK6vrAAAAAA,cookie
Wbi.WsCo4UwAAB1vo1MAAAAA,cookie
XXds28Co5mQAAhNWAHEAAAAA,cookie
WuMwxMCo4UgAAGXWke0AAAAA,cookie
WZ5TcsCo4VYAAAchxXUAAAAA,cookie
XBcUCcCo5l8AAqiasaQAAAAA,cookie
XDI7c8Co4XIAADqiZdcAAAAA,cookie
XI0CEMCo5mMAAAkmt3oAAAAA,cookie
W3PcXcCo5mEAAk4Yf5gAAAAA,cookie
V5MxPMCo4VAAAHR3jeoAAAAA,cookie
XjWYG8Co5lsAACxqTyEAAAAA,cookie
XiFczsCo8XUAACtO5bwAAAAA,cookie
XaqH38Co8XAAAGx6q10AAAAA,cookie
XWvgcMCo5mIAAfI1E.sAAAAA,cookie
WJlXu8Co4VUAAHM4nRwAAAAA,cookie
WdB3psCo5mEAAWM6cnsAAAAA,cookie
W..cRsCo4UsAABkTYo4AAAAA,cookie
XWpus8Co5k4AADkkaeUAAAAA,cookie
WtvI6MCo5lIAAGPV7BkAAAAA,cookie
XANoZMCo5mEAAa0vG2UAAAAA,cookie
XEgsDsCo4UkAAHbPAVYAAAAA,cookie
XLsVv8Co5hIAAEhrX2sAAAAA,cookie
Wc9E5MCo5pwAAKWp4WUAAAAA,cookie
XFbwPsCo5mUAAG4-AycAAAAA,cookie
XgRe.sCo5sAAAKspy9oAAAAA,cookie
W67yWMCo5g0AAAqA-1wAAAAA,cookie
XMIessCo8WUAAXOoQVsAAAAA,cookie
XWaZ1cCo8YoAABMq3QgAAAAA,cookie
Wh5cBcCo5mAAAbuu4GkAAAAA,cookie
XZ5PcsCo5k8AADuwyUUAAAAA,cookie
W.F7D8Co4UcAAHEjpwoAAAAA,cookie
XaPWpMCo5mMAAipsTOEAAAAA,cookie
WaujPsCo5mIAAMUrOfEAAAAA,cookie
XhASIMCo5mAAAu3caQAAAAAA,cookie
XPyGTcCo8XsAAGBiAAIAAAAA,cookie
WRgaUcCo5koAAA54NxgAAAAA,cookie
WIcFj8Co4U8AAFPr3RsAAAAA,cookie
Xa6TDcCo8WkAAc7UIIwAAAAA,cookie
WSfZqcCo5mEAAJbFcSoAAAAA,cookie
XW0to8Co5mAAAlupf5AAAAAA,cookie
W-loOcCo5g0AAFe.Uf0AAAAA,cookie
XWC8msCo5l8AAj.DIX4AAAAA,cookie
WTiM2MCo5mEAAtPnQ-EAAAAA,cookie
XNAz7cCo8WoAATdqWIEAAAAA,cookie
XFaHlcCo5l8AAuBXKs8AAAAA,cookie
VaC3gcCo4X8AAC2mnBgAAAAA,cookie
WohCXcCo5lYAAFnKhzcAAAAA,cookie
WwpMIMCo4VMAABSisvIAAAAA,cookie
Xbc8ncCo5l8AAr3jcWgAAAAA,cookie
XRx.wMCo5hEAAA.Zfx0AAAAA,cookie
Xb5CIMCo8WoAAAZ5DwsAAAAA,cookie
XYnoCsCo5mIAAC.91nAAAAAA,cookie
WgfwTsCo5l8AAkvAoGIAAAAA,cookie
WB4bCMCo4cYAAFO91qMAAAAA,cookie
WuB3msCo5lQAAGkKwxwAAAAA,cookie
W9AXeMCo5msAAEVpJSsAAAAA,cookie
XaLkTMCo5mQAAdFEBKsAAAAA,cookie
Wy962MCo5mYAAHPPTYMAAAAA,cookie
XjbI5MCo8XMAAAvzBKcAAAAA,cookie
Wm1JV8Co4VcAADucgeUAAAAA,cookie
XfWFG8Co8XYAAChBi6sAAAAA,cookie
XLcZZMCo5hEAAGNidbcAAAAA,cookie
WW2K2MCo4U0AAE.VnLIAAAAA,cookie
XZGpssCo5mQAAggjzBUAAAAA,cookie
XWaBgsCo8WwAAqXdWT4AAAAA,cookie
XdQE3MCo8YQAAH910-cAAAAA,cookie
XZcr-8Co5koAABef0XAAAAAA,cookie
XVTeWsCo8GcAAcU0QLsAAAAA,cookie
XX9Cs8Co8XMAAEQUe0sAAAAA,cookie
Xjzv7MCo8WcAABVTicoAAAAA,cookie
XdEcN8Co5koAAB2PJdMAAAAA,cookie
XL22FMCo8WsAABmTMA0AAAAA,cookie
Wr8y.sCo5mAAAnxuRlkAAAAA,cookie
XTlZXMCo8YgAADgMPlgAAAAA,cookie
XAPvH8Co5mIAAfNQ5SAAAAAA,cookie
WO9qr8Co5mEAAubNe6sAAAAA,cookie
XOzoxsCo8XkAAH3i-NwAAAAA,cookie
XDfRz8Co5mAAAcHHrbQAAAAA,cookie
WfACFcCo5mEAAtxdo74AAAAA,cookie
XRvaasCo8XcAAHGoHA0AAAAA,cookie
XKArksCo5kkAAG6AUYIAAAAA,cookie
XUP4-MCo5mEAAaSfVCsAAAAA,cookie
XQM3.8Co8WUAAkPo3DAAAAAA,cookie
W9AqOcCo5mQAAomsqOIAAAAA,cookie
V.TvIcCo5kgAAECdIDQAAAAA,cookie
WnuK1sCo5ogAAB7JaXgAAAAA,cookie
WXLa1MCo5koAAG5yLBwAAAAA,cookie
XgFTbMCo5nQAABD6cG0AAAAA,cookie
WwJL3MCo4VQAAEIGrX4AAAAA,cookie
XaVS5MCo5lgAABodBfsAAAAA,cookie
XOJQdsCo5nEAAHQnN3MAAAAA,cookie
XIOpisCo5mwAAG8DeGkAAAAA,cookie
W1AJjcCo5mIAAEwhtZYAAAAA,cookie
WzRYz8Co5kgAAH.b7ZMAAAAA,cookie
XO4HFcCo5l8AANp8TqsAAAAA,cookie
XIOKDsCo8WkAAicDf3AAAAAA,cookie
XdvS2cCo5mQAAtXZZMIAAAAA,cookie
XiVCwsCo5mAAAN10wCMAAAAA,cookie
W7AvcsCo5hQAADZ-jr4AAAAA,cookie
XbTrcMCo5k8AAFW9eQEAAAAA,cookie
Xc36PcCo8XoAAD5QY9EAAAAA,cookie
WufO5sCo5mIAAP72.qQAAAAA,cookie
XhcGscCo5lUAABnCJWQAAAAA,cookie
XTRB1MCo5kgAAG.jjoIAAAAA,cookie
XY9uoMCo5lIAAH6mSgoAAAAA,cookie
WRKtgsCo5koAACjbkT4AAAAA,cookie
XJ68fMCo8GsAAJub7yoAAAAA,cookie
XfL.mcCo8YkAANIOBnwAAAAA,cookie
XYMZssCo8YUAACbAEYwAAAAA,cookie
XZHv98Co5mEAAoY0vbsAAAAA,cookie
WYA.BsCo4UwAABgNddcAAAAA,cookie
XSl5hsCo5lYAAAJxTdUAAAAA,cookie
WbPR-8Co4U8AAEKrs24AAAAA,cookie
XfL.mcCo8YkAANIOBnwAAAAA,cookie
V7ATYcCo5lMAABZvYhIAAAAA,cookie
W0AAM8Co4U0AAAd2npQAAAAA,cookie
XacNFsCo8YcAAF-AccwAAAAA,cookie
XWYmNsCo5l8AAZbagaQAAAAA,cookie
Xi15rsCo5sMAAK54vFYAAAAA,cookie
XhqmmMCo5hIAADeN41YAAAAA,cookie
W9W3esCo5mMAAti1QCAAAAAA,cookie
XetcxMCo5mEAAo82Xa4AAAAA,cookie
Wc27lsCo5mIAAHd11.EAAAAA,cookie
V4o7UcCo4XcAABgs2BUAAAAA,cookie
WzNVcsCo5mEAAVh5cLEAAAAA,cookie
WsSHBcCo5lEAAGx9boIAAAAA,cookie
WzBnbcCo5mAAAnzHtdkAAAAA,cookie
W7haQcCo4XMAAFfS3ewAAAAA,cookie
XSGdAcCo5nMAAEnpUJoAAAAA,cookie
XgmL9MCo5sAAAOKznHgAAAAA,cookie
XFV2VsCo8WYAAj2Ojx4AAAAA,cookie
XJca1MCo5lkAAH6P6ZUAAAAA,cookie
Wk8s5sCo5mQAArYswvwAAAAA,cookie
WtrUZ8Co5mMAAPtGEZcAAAAA,cookie
Xdy4F8Co8WUAAkRtDMQAAAAA,cookie
WnFmZ8Co5mEAAkkp2WMAAAAA,cookie
XRcX68Co8YUAAECXrd0AAAAA,cookie
XbGUXsCo8WkAAf7TU1cAAAAA,cookie
XWi4UsCo5mEAAYHSu7AAAAAA,cookie
WWJJusCo4VIAAFvVZ-0AAAAA,cookie
XM0hs8Co8WgAALxKZjcAAAAA,cookie
XXwawsCo5g8AAEjsLQAAAAAA,cookie
XhENqMCo8XUAAPDbeZ4AAAAA,cookie
Xexid8Co8WkAAMoRUx4AAAAA,cookie
WrTRzsCo4UoAAEcuFzUAAAAA,cookie
Xf8oAcCo5kwAACVPnacAAAAA,cookie
XUTyw8Co8YsAAEsEGCwAAAAA,cookie
XF7XUMCo8YgAAEeLboYAAAAA,cookie
XPs6TMCo5hQAACn0G68AAAAA,cookie
WjIbAMCo5mIAAHHNol8AAAAA,cookie
WmxDlMCo4UwAAAw8Ts0AAAAA,cookie
XKX7QMCo8WsAABKyz1UAAAAA,cookie
XVjw88Co5hEAAEPGyyEAAAAA,cookie
Wnb1KMCo5mIAAOw3fsgAAAAA,cookie
XjLJ7sCo5sIAAOI9PUkAAAAA,cookie
Wp8wTMCo4VEAAFiEj3gAAAAA,cookie
W4.ZucCo4XQAABCeahwAAAAA,cookie
VdWJzMCo4ZcAAAJ4LFYAAAAA,cookie
XIHT-sCo8WkAAiwXqwQAAAAA,cookie
Xfr-IMCo5mQAAT4WZUoAAAAA,cookie
Wws6HsCo5lkAAHwhCkMAAAAA,cookie
XSxGAMCo5mIAAJVRFTwAAAAA,cookie
WkcjH8Co5lkAAGHY30oAAAAA,cookie
XSLs7MCo5l8AAghFUOYAAAAA,cookie
W0xvpsCo5mEAACDVJAgAAAAA,cookie
WsHjHcCo4VEAADV5KJsAAAAA,cookie
XYghcMCo5mQAAZqhwjcAAAAA,cookie
WhVBlMCo5lMAAAT6cLgAAAAA,cookie
W9MR4MCo4cYAAH10YIcAAAAA,cookie
WxSzU8Co4cgAACvs0poAAAAA,cookie
WSrJAMCo5mAAAJ5kSdMAAAAA,cookie
Wqi9rcCo5kcAAA4KWdYAAAAA,cookie
V..PHMCo4VQAAEof8fYAAAAA,cookie
XPygysCo5hMAADDIUmQAAAAA,cookie
XO51HMCo5lwAAF6QKwgAAAAA,cookie
XSwytMCo5mEAAg1FKswAAAAA,cookie
XFEip8Co5hAAAC-UcrMAAAAA,cookie
XKGPF8Co5nEAAFafY1wAAAAA,cookie
XdTljcCo5mIAAe3ZxMAAAAAA,cookie
XJdkecCo5hMAAAIDTQsAAAAA,cookie
XgQ278Co5sMAAEtLXEMAAAAA,cookie
W18d8cCo4XgAABT2sXYAAAAA,cookie
XG.LxcCo8WwAAFI1PnQAAAAA,cookie
W-OmksCo4UcAAGCropcAAAAA,cookie
XHs3TcCo5qUAAByHHNEAAAAA,cookie
XERoDMCo5loAADGcS-wAAAAA,cookie
XkoZBsCo5sMAAHgNUFYAAAAA,cookie
W4MmrsCo5kgAAB09JmMAAAAA,cookie
XCSM18Co4cUAADThDfcAAAAA,cookie
XVotmMCo8WgAAsudR8EAAAAA,cookie
XNmIP8Co8WUAAvpfgZwAAAAA,cookie
XDDROsCo8W4AAHKZqbQAAAAA,cookie
Xiqj38Co8W8AADr6XloAAAAA,cookie
WZr57MCo5ksAADb1fggAAAAA,cookie
W0XUAsCo5mQAABfYMckAAAAA,cookie
W87iXMCo4VUAABTpxHAAAAAA,cookie
V-6myAoKATwAAHqRJiUAAABW,cookie
WscvccCo5kgAAHfRWoAAAAAA,cookie
XVagB8Co5kwAACQUq.kAAAAA,cookie
XSxe9cCo5lcAAE6DoQUAAAAA,cookie
WzcgKsCo5lkAAEBkYVoAAAAA,cookie
WaXNl8Co5mAAAP5OOl0AAAAA,cookie
XFaU-8Co8WkAAPDQH2sAAAAA,cookie
XGuk0MCo5l0AAC1v5v8AAAAA,cookie
WTjaF8Co5mEAAssEUScAAAAA,cookie
W7w4FsCo5lEAAEQ.sPIAAAAA,cookie
XjEt28Co5mUAAHkncAcAAAAA,cookie
XS20gsCo8GwAAG0WgG4AAAAA,cookie
XIJtdMCo8W0AAGEHsNoAAAAA,cookie
XUg4-MCo8WwAAlMM.5UAAAAA,cookie
WvLhTMCo5mIAAosG6uEAAAAA,cookie
Wt6PkMCo5lwAAAfy9esAAAAA,cookie
WyxtEcCo4U0AAAaySz8AAAAA,cookie
XTObLsCo5lsAAFpnmc8AAAAA,cookie
XYcW78Co8WkAAghWV-sAAAAA,cookie
Xlp8-cCo8WcAAGq9GsYAAAAA,cookie
XTrsD8Co8XAAABHajOEAAAAA,cookie
WGY9o8Co4VQAAF0r0E0AAAAA,cookie
V5OSzcCo4VIAAH.j-O8AAAAA,cookie
WpLYJ8Co4UwAAHAa5igAAAAA,cookie
XbUR1MCo5mEAAnuWHa0AAAAA,cookie
Wn.SKcCo5mIAAHuJRYEAAAAA,cookie
XIuQWsCo5lIAAD7bfd4AAAAA,cookie
W27besCo5mMAAZquLBkAAAAA,cookie
XhYKW8Co5hMAACr4IYQAAAAA,cookie
W1lr-sCo4XIAAHGpS2MAAAAA,cookie
WPp11MCo4VoAAAkNh4YAAAAA,cookie
VCOhJwoAAJwAAEMOOjgAAAAQ,cookie
Wu7J4MCo5kgAADcIb3IAAAAA,cookie
Xk6KtcCo5r8AAPJ7veQAAAAA,cookie
XcZoKMCo8WkAAQGCgUEAAAAA,cookie
WxnfN8Co5mAAAUVomokAAAAA,cookie
W3K37cCo4YkAAGbkPVoAAAAA,cookie
Xa8LHcCo8WgAACWj270AAAAA,cookie
XHdGasCo5lkAAF7hgWkAAAAA,cookie
XXucacCo8WcAAB9ABxkAAAAA,cookie
WfAgIcCo5l8AAE79cUsAAAAA,cookie
WjIpQ8Co5lkAAEkORPgAAAAA,cookie
XV97EMCo8WcAAFJnwesAAAAA,cookie
Wif238Co5mIAAAoI5lMAAAAA,cookie
Xj1c4MCo5l8AAVy-qXMAAAAA,cookie
WyejxMCo5pcAADY8YVkAAAAA,cookie
Xe3hmsCo5lMAAH-yA6UAAAAA,cookie
WqhcbMCo5lEAACy-k7kAAAAA,cookie
XU5PQMCo5hQAAHATyioAAAAA,cookie
Xkz1Q8Co5sMAAH4CtyQAAAAA,cookie
XQ8GzcCo5loAAAP32-MAAAAA,cookie
XhnvcsCo8XYAAKHp81AAAAAA,cookie
XTA2L8Co5kkAAAX9GO0AAAAA,cookie
W34z8cCo4YkAAGcvAI4AAAAA,cookie
XDguB8Co5l8AAj12hEkAAAAA,cookie
XJtZOMCo5mEAAk8phygAAAAA,cookie
WzxUVMCo4YkAAEI6AOsAAAAA,cookie
XLJ7jcCo5mwAAEY2Ae8AAAAA,cookie
WghRv8Co5kwAAHJiyrsAAAAA,cookie
WshJDsCo4VAAAC.rGNgAAAAA,cookie
XXH.4MCo5k8AABxplM8AAAAA,cookie
XJca1MCo5lkAAH6P6ZUAAAAA,cookie
XaPWpMCo5mMAAipsTOEAAAAA,cookie
XGYwscCo5mAAAS9vIgIAAAAA,cookie
XmaFFcCo8XYAAHyAHhoAAAAA,cookie
XTHtnsCo8XcAAEnmq0YAAAAA,cookie
XjwdpMCo5r8AANkikB4AAAAA,cookie
XND23MCo8YIAAEpSD70AAAAA,cookie
XTZpXcCo5mQAAYjQhc8AAAAA,cookie
W7rRy8Co5mMAAge9kzsAAAAA,cookie
WpIlhMCo4VIAAECcENQAAAAA,cookie
Xk5rUMCo8YoAABk0z64AAAAA,cookie
W0quRsCo5ogAACT.cTkAAAAA,cookie
W0gWocCo4VIAAHZvEi8AAAAA,cookie
Wl7V0sCo5lsAAAfFtuEAAAAA,cookie
XbenZcCo8XEAACfBxAcAAAAA,cookie
W2QIlcCo5mAAAohX4RIAAAAA,cookie
WeLg9sCo5mIAAU9immEAAAAA,cookie
W-KV1MCo5lsAACn7OSgAAAAA,cookie
W1wdG8Co5lAAACQNXQwAAAAA,cookie
XI08dMCo5kgAAD9ak5MAAAAA,cookie
W0Ga-cCo4UkAAHe-Y-MAAAAA,cookie
W3U6J8Co5mQAAi1IPCsAAAAA,cookie
WqO9q8Co5lcAAHRxWPEAAAAA,cookie
WTU0.cCo5lAAABYRPPsAAAAA,cookie
XThgAcCo8XgAAB-OOI0AAAAA,cookie
Wj4lW8Co4U4AADFO-mcAAAAA,cookie
XIzY38Co8X8AABye64MAAAAA,cookie
XO5p5sCo5koAAGR7KpgAAAAA,cookie
XC9A2MCo4U0AAB6ATn4AAAAA,cookie
XbgNmMCo5mQAAXKO7kEAAAAA,cookie
XfdtaMCo5mEAAlkRQwMAAAAA,cookie
W8Iag8Co5mcAAHNxYCoAAAAA,cookie
Xah9A8Co5koAAHuA13AAAAAA,cookie
XbEy88Co5mQAAlkuflMAAAAA,cookie
VpbCKcCo4XYAAEDOBGgAAAAA,cookie
XZAOcMCo5mEAAF9NMS0AAAAA,cookie
XZX338Co8YMAADdZ17AAAAAA,cookie
Wr3yIsCo5mIAAWQPDKAAAAAA,cookie
W-vK-cCo4ZgAABcjNPMAAAAA,cookie
XD5SnMCo5mEAAmsDuZYAAAAA,cookie
W3T8DMCo5mAAAFVSulEAAAAA,cookie
XU-g68Co5g0AABASwJsAAAAA,cookie
XiFczsCo8XUAACtO5bwAAAAA,cookie
XYQeKsCo8XUAAFcS1Y0AAAAA,cookie
W2RcScCo5mQAAF.jo70AAAAA,cookie
XbTrcMCo5k8AAFW9eQEAAAAA,cookie
WKQZw8Co4XAAAA-wWo0AAAAA,cookie
XE1zhMCo5mAAALGq3JsAAAAA,cookie
Wi0p9MCo4VwAAFUaCsgAAAAA,cookie
XK7wmMCo8WkAAaCN6-YAAAAA,cookie
Wd3XdMCo5mAAAIfRZ88AAAAA,cookie
XO01q8Co8YQAAC2iHNUAAAAA,cookie
XDbAVcCo5mQAAhFI.IUAAAAA,cookie
W1ft1cCo5mUAAH7n358AAAAA,cookie
WWCv3sCo5koAAAISUK0AAAAA,cookie
XSLDKsCo8HEAADCVduEAAAAA,cookie
WjzIrsCo4VEAADVLuU0AAAAA,cookie
XNknkMCo8WsAAWRrCNwAAAAA,cookie
XAbxQMCo5mAAAMTRKEYAAAAA,cookie
Wuwk5cCo5k0AAA5SLxsAAAAA,cookie
XfRZlcCo8WcAArTqb6AAAAAA,cookie
XIuJ1cCo5hEAAFUuZZIAAAAA,cookie
XQ3RFcCo5lQAABZBjtkAAAAA,cookie
XAOfesCo5mwAAGD8oDkAAAAA,cookie
WGSYjMCo5lEAAH2iD6AAAAAA,cookie
W2V.rsCo5mEAAQnuW5sAAAAA,cookie
XVCmLcCo8XAAABOLBtYAAAAA,cookie
XVeF78Co5hEAAGo-38EAAAAA,cookie
XZC5GsCo8XMAAQMv4FoAAAAA,cookie
XSL1jcCo8WcAAdWWJJ4AAAAA,cookie
XKIFM8Co8WcAAJ3R6loAAAAA,cookie
W5jN38Co5mAAASC7LAcAAAAA,cookie
XT5DgMCo5msAAGpn05kAAAAA,cookie
XpJM2cCo8YwAAK-5vSIAAAAA,cookie
XgGQj8Co8YYAADCBLgoAAAAA,cookie
WufO5sCo5mIAAP72.qQAAAAA,cookie
XdtJKMCo8WkAATTVFO0AAAAA,cookie
XPPjKcCo5mMAAJCV.OYAAAAA,cookie
XUNOEMCo5lUAADZ3cRAAAAAA,cookie
WtxSUcCo5mAAABl-tmkAAAAA,cookie
VmBdUcCo5k8AAFE2RWoAAAAA,cookie
XAolvMCo5lQAAFEAYqQAAAAA,cookie
XRQ0R8Co5lQAAHuoy04AAAAA,cookie
WpIlhMCo4VIAAECcENQAAAAA,cookie
XSui.cCo8WoAAjlM7MIAAAAA,cookie
W6QrEMCo4UkAAAXA-1sAAAAA,cookie
XPI1VsCo8WYAAtOK1GYAAAAA,cookie
XQy4YsCo8WUAAcCV.EgAAAAA,cookie
W.vwYcCo5lUAAEOznD0AAAAA,cookie
XCh4nsCo5k4AAAPiy-UAAAAA,cookie
WrTRzsCo4UoAAEcuFzUAAAAA,cookie
XE56FMCo8WUAAZq96AgAAAAA,cookie
XSSHEcCo5mIAAJTjavkAAAAA,cookie
XLTvk8Co8XQAAC9.xkMAAAAA,cookie
VcNhEMCo4XoAAArYPSoAAAAA,cookie
XKpFbMCo8XEAABs4TJ0AAAAA,cookie
XXSEXcCo8XMAASU5u7gAAAAA,cookie
XZG868Co5mYAAC4IZoYAAAAA,cookie
XaVS5MCo5lgAABodBfsAAAAA,cookie
WnLlm8Co5mAAALUpPsUAAAAA,cookie
XQCKJMCo8WcAAa5wZMwAAAAA,cookie
XLm0r8Co5kwAAAmoXgMAAAAA,cookie
XGggnMCo8WcAAoJ96zMAAAAA,cookie
XW4O4sCo5mkAAGx5H9IAAAAA,cookie
V6FQU8Co5lEAAH1EDR4AAAAA,cookie
W-fWLcCo4UsAAEO9E7AAAAAA,cookie
XUTZR8Co8WwAAiB18K4AAAAA,cookie
XbgXGsCo8WcAAPQK.3kAAAAA,cookie
WdLguMCo5l4AAGXwNOUAAAAA,cookie
Wglo-8Co5mQAAngwlKUAAAAA,cookie
W2QIlcCo5mAAAohX4RIAAAAA,cookie
W3F1Y8Co4UgAAHkH9LQAAAAA,cookie
WxEBw8Co5mIAAGyNpggAAAAA,cookie
W8HihMCo5moAAD0C08MAAAAA,cookie
WmK.hsCo5mIAAMjKPDYAAAAA,cookie
XMPPs8Co5mEAAliXXWkAAAAA,cookie
XWNC3cCo5gwAAHuKYTgAAAAA,cookie
WyeM18Co4ccAADsJP-UAAAAA,cookie
WPiumsCo5mIAAsliJFMAAAAA,cookie
XimU9MCo8X4AAEbeJUgAAAAA,cookie
W0GKqcCo4VgAAAjSlfgAAAAA,cookie
XeNaVsCo8XYAAGO5Rh8AAAAA,cookie
XctAF8Co8WwAArg7IfEAAAAA,cookie
XQOzicCo8WgAAgCzAkEAAAAA,cookie
XWXs5sCo8XYAAG6qTbUAAAAA,cookie
XQIfbsCo8WcAAojKIh4AAAAA,cookie
WlMOhMCo5k4AAG1NMecAAAAA,cookie
XV-YxcCo5mEAAZk4fTwAAAAA,cookie
XZQ018Co8WcAAJMw8jUAAAAA,cookie
XX2owcCo8WkAAjjkHckAAAAA,cookie
XFBKd8Co5lQAAGLEDQ8AAAAA,cookie
XTWxqMCo8XMAAW4i-0MAAAAA,cookie
WfhOcMCo5koAAEYndPoAAAAA,cookie
W1wdG8Co5lAAACQNXQwAAAAA,cookie
XFE6asCo5k4AADikAAQAAAAA,cookie
Xk5H7sCo8WoAAv9Mzg8AAAAA,cookie
WyDwJMCo5mAAAg6iASEAAAAA,cookie
XPn2mMCo8XMAAbGpIUIAAAAA,cookie
WghRv8Co5kwAAHJiyrsAAAAA,cookie
Xb1vRMCo8WYAAdYPKL0AAAAA,cookie
XY8e5MCo5k0AAAI340EAAAAA,cookie
XLNBEMCo5hQAAGAHrN8AAAAA,cookie
XlNLpMCo5sIAAP2FdtEAAAAA,cookie
Wpt69sCo5mIAAY6mbcUAAAAA,cookie
XAOyycCo4cYAABCc8wUAAAAA,cookie
XDsdc8Co5hIAAAblcvQAAAAA,cookie
XglWrsCo8WoAAMobnAkAAAAA,cookie
WWlD08Co4VQAAAk-NaUAAAAA,cookie
WcfLkcCo5kwAAHidrisAAAAA,cookie
W4MmrsCo5kgAAB09JmMAAAAA,cookie
W0t0JcCo5l0AAC7jjLUAAAAA,cookie
